home_team,country_code,win_percent
Brazil,BRA,63.710499490316
Spain,ESP,58.5014409221902
Germany,DEU,58.48261327713382
England,GB-ENG,56.68979187314172
Iran,IRN,54.50901803607214
Czech Republic,CZE,53.872053872053876
Argentina,ARG,53.673469387755105
Croatia,HRV,53.459119496855344
Italy,ITA,52.875
South Korea,KOR,52.66821345707657
Russia,RUS,51.29682997118156
Netherlands,NLD,50.765306122448976
Mexico,MEX,50.51783659378596
Ivory Coast,CIV,49.73451327433628
Australia,AUS,49.70986460348163
France,FRA,49.642857142857146
Sweden,SWE,49.115913555992144
Egypt,EGY,48.89589905362776
Portugal,PRT,48.28711256117455
Japan,JPN,48.165869218500795
China PR,CHN,48.15436241610738
Saudi Arabia,SAU,47.8330658105939
Ghana,GHA,47.666666666666664
Scotland,GB-SCT,47.50320102432779
Hungary,HUN,46.76724137931034
Nigeria,NGA,46.354166666666664
Morocco,MAR,46.16822429906542
Ukraine,UKR,46.06741573033708
Iraq,IRQ,45.88665447897623
Martinique,MTQ,45.723684210526315
Zambia,ZMB,45.682451253481894
Serbia,SRB,45.09090909090909
Denmark,DNK,44.77987421383648
Czechoslovakia,CZE,44.75806451612903
Burma,MMR,44.28152492668622
Senegal,SEN,44.045368620037806
Suriname,SUR,43.96551724137931
Romania,ROU,43.94812680115274
South Africa,ZAF,43.75
Uzbekistan,UZB,43.63636363636363
Trinidad and Tobago,TTO,43.609022556390975
Cameroon,CMR,43.445692883895134
Belgium,BEL,43.359375
Uruguay,URY,43.21266968325792
Poland,POL,43.06748466257669
United States,USA,42.98245614035088
Uganda,UGA,42.62820512820513
Costa Rica,CRI,42.549668874172184
Algeria,DZA,42.37623762376238
North Korea,PRK,42.35294117647059
Kuwait,KWT,42.02127659574468
Tunisia,TUN,41.82444061962134
Austria,AUT,41.51670951156812
Qatar,QAT,41.46341463414634
Zimbabwe,ZWE,41.44736842105263
Haiti,HTI,41.42538975501114
Slovakia,SVK,40.893470790378004
Honduras,HND,40.77669902912621
New Zealand,NZL,40.331491712707184
United Arab Emirates,ARE,39.923224568138195
Mali,MLI,39.67935871743487
DR Congo,COD,39.39393939393939
Jamaica,JAM,39.184397163120565
Colombia,COL,38.90909090909091
Republic of Ireland,IRL,38.869257950530034
Turkey,TUR,38.80070546737213
Chile,CHL,38.1578947368421
Kenya,KEN,37.674418604651166
Indonesia,IDN,37.613019891500905
Bulgaria,BGR,37.20238095238095
Syria,SYR,37.12871287128713
Oman,OMN,37.111111111111114
Thailand,THA,37.08920187793427
Greece,GRC,36.87943262411348
Cura√ßao,CUW,36.74698795180723
Libya,LBY,36.49851632047478
Ethiopia,ETH,36.46408839779006
Norway,NOR,36.44278606965174
Guinea,GIN,36.26609442060086
Paraguay,PRY,35.614525139664806
Canada,CAN,35.17060367454068
Malawi,MWI,35.16873889875666
Switzerland,CHE,35.131744040150565
Jordan,JOR,34.94897959183673
Malaysia,MYS,34.883720930232556
Guatemala,GTM,34.841628959276015
Gabon,GAB,34.81894150417827
Israel,ISR,34.81308411214953
India,IND,34.65346534653465
Congo,COG,34.4
Angola,AGO,34.375
Cuba,CUB,34.124629080118694
Bahrain,BHR,33.537832310838446
Sudan,SDN,33.50125944584383
Barbados,BRB,33.460076045627375
El Salvador,SLV,33.333333333333336
Hong Kong,HKG,32.64781491002571
Mozambique,MOZ,32.56578947368421
Peru,PER,32.263242375601926
Wales,GB-WLS,31.70731707317073
Burkina Faso,BFA,31.701030927835053
Iceland,ISL,31.473214285714285
Panama,PAN,30.8411214953271
Sierra Leone,SLE,30.8300395256917
Togo,TGO,30.82901554404145
Guyana,GUY,30.681818181818183
Singapore,SGP,30.215827338129497
Ecuador,ECU,29.6875
Latvia,LVA,28.75318066157761
Tanzania,TZA,27.495291902071564
Lebanon,LBN,27.47252747252747
Lithuania,LTU,27.049180327868854
Botswana,BWA,26.881720430107528
Northern Ireland,GB-NIR,25.62111801242236
Finland,FIN,25.537634408602152
Estonia,EST,25.481798715203425
Albania,ALB,25.301204819277107
Venezuela,VEN,24.146981627296586
Benin,BEN,22.692307692307693
Bolivia,BOL,22.05240174672489
Cyprus,CYP,19.060773480662984
Malta,MLT,11.838790931989925
Luxembourg,LUX,8.457711442786069
